location,company,jobTitle,jobLocationState,companyRating
"Cannon County, TN",A Buyer's Choice Home Inspections,Home Inspector,"Murfreesboro, TN",4.7
"Cannon County, TN",REI,"REI Opening State of the Art Distribution Center in Lebanon, TN in 2023","Lebanon, TN",4.1
"Cannon County, TN",REI,DC Receiving Supervisor - Weekend Days,"Lebanon, TN",4.1
"Cannon County, TN",Rutherford County Government,Deputy Clerk II - Motor Vehicle - County Clerk (Smyrna Location),"Murfreesboro, TN 37130",4.0
"Cannon County, TN","WEGMANN automotive USA, Inc.",Purchasing Agent,"Murfreesboro, TN 37127",3.9
"Cannon County, TN",Dayton Freight,Part-Time Dock Worker / Forklift Operator | $21.29/hr.,"Lebanon, TN 37090",3.9
"Cannon County, TN","City of Murfreesboro, TN",Permits Technician,"Murfreesboro, TN",3.8
"Cannon County, TN",Franke,Project Manager I,"Smyrna, TN 37167",3.8
"Cannon County, TN","Barnes & Noble Education, Inc.",Bookseller (Seasonal),"Murfreesboro, TN 37132",3.8
"Cannon County, TN",Vanderbilt University Medical Center,Central Scheduler,"Tullahoma, TN",3.7
"Cannon County, TN",Clarion Security Llc,Security Officer,"Murfreesboro, TN 37130",3.7
"Cannon County, TN",Vanderbilt University Medical Center,Unit Secretary,"Tullahoma, TN",3.7
"Cannon County, TN",Sports Info Solutions,"2023 College Football Scout - Murfreesboro, TN","Murfreesboro, TN 37132",3.7
"Cannon County, TN",State of TN,DCS CASE MANAGER 2* EG - 02162023-43534,"Woodbury, TN 37190",3.6
"Cannon County, TN",State of Tennessee,PARK RANGER 3 - 03302023-44698,"Beersheba Springs, TN",3.6
"Cannon County, TN",Bridgestone Americas,Operating Technician (Production - Warren),"Morrison, TN 37357",3.6
"Cannon County, TN",State of Tennessee,ADMINISTRATIVE SERVICES ASSISTANT 2* - 03232023-44324,"Murfreesboro, TN",3.6
"Cannon County, TN",State of TN,GOLF COURSE MANAGER -44397,"Spencer, TN 38585",3.6
"Cannon County, TN",Applebee's,Server,"Mc Minnville, TN 37110",3.5
"Cannon County, TN",McCabe Vision Center,Medical Receptionist,"Murfreesboro, TN 37129",3.5
"Cannon County, TN",Batesville,Production Associate,"Manchester, TN",3.5
"Cannon County, TN",U-Haul,Reservation Agent NOW HIRING!-3,"Murfreesboro, TN 37128",3.5
"Cannon County, TN",Yorozu Automotive,Assembly Manufacturing Supervisor,"Morrison, TN 37357",3.5
"Cannon County, TN",Lowe's,Full Time - Receiver/Stocker – Overnight,"Mc Minnville, TN 37110",3.5
"Cannon County, TN",Applebee's,Dishwasher,"Mc Minnville, TN 37110",3.5
"Cannon County, TN",Hobby Lobby,Retail Associates,"Murfreesboro, TN 37129",3.5
"Cannon County, TN",ASO,Duty Controller,"Arnold AFB, TN",3.4
"Cannon County, TN",O'Reilly Auto Parts,Retail Counter Sales,"Woodbury, TN",3.4
"Cannon County, TN",O'Reilly Auto Parts,Parts Delivery,"Mc Minnville, TN 37110",3.4
"Cannon County, TN",Big G Express,Communications Coordinator,"Shelbyville, TN",3.4
"Cannon County, TN",O'Reilly Auto Parts,Parts Delivery,"Woodbury, TN",3.4
"Cannon County, TN",DoorDash,Drive with DoorDash,"Beechgrove, TN 37018",3.3
"Cannon County, TN",ALDI,Part-Time Stocker,"Tullahoma, TN",3.2
"Cannon County, TN",ALDI,Full-Time Store Associate,"Murfreesboro, TN",3.2
"Cannon County, TN",CVS Health Retail,Retail Store Associate,"Murfreesboro, TN",3.2
"Cannon County, TN",ALDI,Full-Time Store Associate,"Murfreesboro, TN",3.2
"Cannon County, TN",ALDI,Full-Time Store Associate,"Murfreesboro, TN",3.2
"Cannon County, TN",ALDI,Part-Time Store Associate,"Murfreesboro, TN",3.2
"Cannon County, TN",ALDI,Part-Time Store Associate,"Murfreesboro, TN",3.2
"Cannon County, TN",National Aerospace Solutions,Administrative Assistant II - 3049 (Project Controls and Finance),"Arnold AFB, TN 37389",3.2
"Cannon County, TN",ALDI,Part-Time Store Associate,"Murfreesboro, TN",3.2
"Cannon County, TN",Diakon Logistics,Driver - Appliance Delivery,"McMinnville, TN",3.1
"Cannon County, TN",Chattanooga Goodwill Industries,SALES ASSOCIATE I,"McMinnville, TN 37110",3.1
"Cannon County, TN",Diakon Logistics,Driver - Independent Contractor - Delivery & Installation,"Murfreesboro, TN",3.1
"Cannon County, TN",Dollar General,SALES ASSOCIATE,"Woodbury, TN 37190",3.0
"Cannon County, TN",Dollar General,SALES ASSOCIATE,"Woodbury, TN 37190",3.0
"Cannon County, TN",The Learning Experience of Murfreesboro,Preschool Teacher,"Murfreesboro, TN 37128",2.9
"Cannon County, TN",A Head for Profits,Draft Beer Quality Technician,"Murfreesboro, TN 37127",2.8
"Cannon County, TN",Chewy,Fulfillment Specialist,"Gordonsville, TN",2.7
"Cannon County, TN",Granite Telecommunications,Director of Field Operations,"Murfreesboro, TN 37130",2.7
"Cannon County, TN",Southeastern Roofing,Entry Level Consultant,"Lebanon, TN",2.6
"Cannon County, TN",Southeastern Roofing,Entry Level Consultant,"Murfreesboro, TN",2.6
"Cannon County, TN",Middle Tennessee Urology Specialists,Front Office Receptionist,"Murfreesboro, TN 37129",2.5
"Cumberland County, TN",Care Team Solutions,Registered Nurse Emergency Room/ED,"Cookeville, TN 38501",4.9
"Cumberland County, TN",Innovative Restorations,In home Sales (Construction),"Crossville, TN 38571",4.8
"Cumberland County, TN",UltaCare Medical,"Psychiatric Nurse Practitioner - Crossville, TN","Crossville, TN 38555",4.7
"Cumberland County, TN",Northside Family Dentistry,Patient Services Representative,"Crossville, TN",4.5
"Cumberland County, TN",Gro HR Consulting,First Impressions - Front Desk,"Crossville, TN 38571",4.2
"Cumberland County, TN",Advance Financial,Customer Service Representative,"Crossville, TN",3.9
"Cumberland County, TN",Advance Financial,Customer Service Representative,"Crossville, TN",3.9
"Cumberland County, TN",Best Choice Roofing,Entry Level Storm Damage Inspector,"Cookeville, TN 38501",3.8
"Cumberland County, TN",City of Sparta,Apprentice Lineman,"Sparta, TN 38583",3.8
"Cumberland County, TN",Manpower,2nd Shift Production Associate,"Crossville, TN 38572",3.8
"Cumberland County, TN",Edward Jones,"Branch Office Administrator - Crossville, TN","Crossville, TN 38555",3.8
"Cumberland County, TN",Elliot Ettenborough - State Farm Agent,Office Representative - State Farm Agent Team Member,"Spring City, TN 37381",3.7
"Cumberland County, TN",Fairfield Glade Community Club,Cart and Range Attendant,"Crossville, TN 38558",3.7
"Cumberland County, TN",Slade Collins - State Farm Agent,Receptionist - State Farm Agent Team Member,"Crossville, TN 38555",3.7
"Cumberland County, TN",U.S. Bank National Association,Client Relationship Consultant 1-4 (Banker) Central TN Area,"Crossville, TN 38555",3.6
"Cumberland County, TN",State of Tennessee,GOLF COURSE MANAGER -44397,"Spencer, TN",3.6
"Cumberland County, TN",Subsource,Subway Sandwich Artist - 2559,"Crossville, TN 38555",3.6
"Cumberland County, TN",State of TN,CLERK 2 - 03232023-44418,"Pikeville, TN 37367",3.6
"Cumberland County, TN",Subsource,Subway Sandwich Artist - 46919,"Crossville, TN 38571",3.6
"Cumberland County, TN",Food City,Starbucks Barista,"Crossville, TN 38557",3.6
"Cumberland County, TN",State of Tennessee,CLERK 2 - 03232023-44418,"Pikeville, TN",3.6
"Cumberland County, TN",Food City,Fuel Clerk,"Crossville, TN 38557",3.6
"Cumberland County, TN",State of TN,ADMINISTRATIVE ASSISTANT 1 - 03302023-44505,"Crossville, TN 38555",3.6
"Cumberland County, TN",Cookeville Regional Medical Center,Patient Care Associate- Nightshift,"Cookeville, TN 38501",3.6
"Cumberland County, TN",State of Tennessee,ADMINISTRATIVE ASSISTANT 1 - 03302023-44505,"Crossville, TN",3.6
"Cumberland County, TN",Food City,Cashier,"Crossville, TN 38557",3.6
"Cumberland County, TN",Ruby Tuesday,Dishwasher/Garden Bar,"Crossville, TN 38555",3.5
"Cumberland County, TN",Lowe's,Cashier Part Time,"Crossville, TN 38555",3.5
"Cumberland County, TN",Covenant Health,HUC I,"Crossville, TN 38555",3.5
"Cumberland County, TN",Lowe's,Full Time - Receiver/Stocker – Day,"Crossville, TN 38555",3.5
"Cumberland County, TN",Lowe's,Warehouse Part Time Overnight,"Crossville, TN 38555",3.5
"Cumberland County, TN",Wyndham Destinations,Groundskeeper - $15 hr - Club Wyndham Fairfield Glade,"Fairfield Glade, TN",3.5
"Cumberland County, TN",Lowe's,Retail Sales – Part Time,"Crossville, TN 38555",3.5
"Cumberland County, TN",Zaxby's,Cashier (Part-Time),"Crossville, TN 38555",3.5
"Cumberland County, TN",Wyndham Destinations,Maintenance Inventory Clerk ($15 hr) - Club Wyndham at Fairfield Glade,"Fairfield Glade, TN",3.5
"Cumberland County, TN","Perdue Farms, Inc.",Plant Production $15.75/hr and up,"Monterey, TN 38574",3.5
"Cumberland County, TN",Holiday Inn Express & Suites Crossville,Room Attendant/Housekeeping,"Crossville, TN 38571",3.4
"Cumberland County, TN",AutoZone,Auto Parts Delivery Driver (Full-Time),"Crossville, TN 38555",3.4
"Cumberland County, TN",GameStop,Retail Management,"Crossville, TN 38555",3.4
"Cumberland County, TN",Good Samaritan Society,Nursing Assistant Long Term Care - FT - evenings - Fairfield Glade,"Crossville, TN 38558",3.4
"Cumberland County, TN",Petsense LLC,"Team Member, Petsense","Crossville, TN 38555",3.3
"Cumberland County, TN","Harbor Freight Tools USA, Inc.",Retail Sales Associate,"Crossville, TN 38555",3.3
"Cumberland County, TN",Kroger Stores,Online Grocery Pick-Up Clerk,"Crossville, TN 38555",3.3
"Cumberland County, TN",United States Postal Service,ASSISTANT RURAL CARRIER (ARC),"Crossville, TN 38555",3.3
"Cumberland County, TN",Kerry,Food Safety & Quality Manager,"Crossville, TN",3.3
"Cumberland County, TN",Planet Fitness,Service Desk Overnight,"Crossville, TN 38555",3.3
"Cumberland County, TN",CVS Health Retail,Retail Store Associate,"Crossville, TN",3.2
"Cumberland County, TN",Volunteer Behavioral Health Care System,Outpatient Counselor/ IOP Facilitator,"Crossville, TN 38571",3.2
"Cumberland County, TN",Books-A-Million,Bookseller,"Cookeville, TN 38501",3.2
"Cumberland County, TN",Caris Healthcare,Administrator,"Crossville, TN 38555",3.2
"Cumberland County, TN",Stat Courier,Medical Courier Driver,"Harriman, TN",3.2
"Cumberland County, TN",Volunteer Behavioral Health Care System,Care Manager,"Dayton, TN 37321",3.2
"Cumberland County, TN",Volunteer Behavioral Health Care System,LPN Night Shift,"Cookeville, TN 38506",3.2
"Cumberland County, TN",Manchester Tank,Manufacturing Laborer Positions,"Crossville, TN 38555",3.1
"Cumberland County, TN","Tire Discounters, Inc",Entry Level Tire Technician - Full Time,"Crossville, TN 38555",3.0
"Cumberland County, TN",Altium Packaging LP,Machine Operator,"Sparta, TN 38583",3.0
"Cumberland County, TN",Dollar General,SALES ASSOCIATE,"Crossville, TN 38572",3.0
"Cumberland County, TN","Tire Discounters, Inc",Entry Level Tire Technician - Full Time,"Crossville, TN 38555",3.0
"Cumberland County, TN",Mizkan America Inc,General Production,"Crossville, TN 38555",3.0
"Cumberland County, TN","Youth Opportunity Investments, LLC",Paraprofessional,"Rockwood, TN 37854",2.8
"Cumberland County, TN",A Services Group,Unarmed Security Guard,"Crossville, TN 38555",2.8
"Cumberland County, TN","Buc-ee's, Ltd.",Cashier,"Crossville, TN 38555",2.7
"Cumberland County, TN","Buc-ee's, Ltd.",Gift/Merchandise Associate,"Crossville, TN 38555",2.7
"Cumberland County, TN","Buc-ee's, Ltd.",Janitorial/Cleaning & Maintenance Manager,"Crossville, TN 38555",2.7
"Cumberland County, TN","Buc-ee's, Ltd.",Deli/Food Service Associate,"Crossville, TN 38555",2.7
"Cumberland County, TN","Buc-ee's, Ltd.",Grocery Stocker,"Crossville, TN 38555",2.7
"Cumberland County, TN",Need It Now Delivers - Automotive,Delivery Driver,"Crossville, TN",2.5
"Cumberland County, TN",Aspen Dental,Patient Services Representative,"Crossville, TN 38555",2.5
"Cumberland County, TN","Woda Cooper Companies, Inc.",Property Manager for Northside Drive Apartments,"Crossville, TN 38555",2.4
"Cumberland County, TN",Factory Direct Marine and RV,Sales Manager,"Rockwood, TN 37854",2.0
"Fentress County, TN",Dominion Senior Living,Housekeeper,"Crossville, TN 38555",4.5
"Fentress County, TN",Scott County Schools,Substitute Teachers,"Huntsville, TN 37756",4.2
"Fentress County, TN",Scott County Schools,High School Assistant Principal ~ 2022,"Huntsville, TN 37756",4.2
"Fentress County, TN",Integrity Express Logistics,"Sales Account Executive - Knoxville, TN",Tennessee,4.2
"Fentress County, TN",US National Park Service,Biological Science Technician (Plants),"Oneida, TN 37841",3.9
"Fentress County, TN",International Specialty Supply,Purchasing Agent,"Cookeville, TN 38506",3.8
"Fentress County, TN",Livingston Regional Hospital,Medical Lab Tech,"Livingston, TN 38570",3.8
"Fentress County, TN",PepsiCo Beverages North America,Driver Qualification File - PepsiCo - New Bern Transportation,"Albany, KY 42602",3.8
"Fentress County, TN",Constellation Brands,Tour Guide - Nelson's Green Brier,"Green Brier, TN",3.8
"Fentress County, TN",Fairfield Glade Community Club,Cart and Range Attendant,"Crossville, TN 38558",3.7
"Fentress County, TN",Subsource,Subway Sandwich Artist - 2559,"Crossville, TN 38555",3.6
"Fentress County, TN",Subsource,Subway Sandwich Artist - 19270,"Monterey, TN 38574",3.6
"Fentress County, TN",State of TN,DCS CASE MANAGER 2* EG - 02162023-43534,"Byrdstown, TN 38549",3.6
"Fentress County, TN",State of TN,DCS CASE MANAGER 2* EG - 02162023-43534,"Livingston, TN 38570",3.6
"Fentress County, TN",State of Tennessee,CORRECTIONAL OFFICER 2* - 03232023-44378,"Wartburg, TN",3.6
"Fentress County, TN",State of TN,INFORMATION SYSTEMS ASSOCIATE* - 03302023-44702,"Wartburg, TN 37887",3.6
"Fentress County, TN",Subsource,Subway Sandwich Artist - 20455,"Wartburg, TN 37887",3.6
"Fentress County, TN",Positive Behavior Supports Corporation (PBS),Registered Behavior Technician (RBT),"Oneida, TN",3.6
"Fentress County, TN",Subway,Subway M.I.T,"Jamestown, TN 38556",3.6
"Fentress County, TN",State of TN,ADMINISTRATIVE ASSISTANT 1 - 03302023-44505,"Crossville, TN 38555",3.6
"Fentress County, TN",Heraeus Holding GmbH,Subcontracting Analyst,"Wartburg, TN 37887",3.6
"Fentress County, TN",Subsource,Subway Sandwich Artist - 16106,"Livingston, TN 38570",3.6
"Fentress County, TN",Subsource,Subway Sandwich Artist - 45519,"Jamestown, TN 38556",3.6
"Fentress County, TN",State of Tennessee,ADMINISTRATIVE ASSISTANT 1 - 03302023-44505,"Crossville, TN",3.6
"Fentress County, TN",State of TN,DCS CASE MANAGER 2* EG - 02162023-43534,"Huntsville, TN 37756",3.6
"Fentress County, TN",Weatherby Healthcare,Physician: Locums Opportunity in Tennessee for Obstetrics/Gynecologist | JOB-2806476,Tennessee,3.6
"Fentress County, TN",Lowe's,Retail Sales – Part Time,"Crossville, TN 38555",3.5
"Fentress County, TN",Wyndham Destinations,Maintenance Inventory Clerk ($15 hr) - Club Wyndham at Fairfield Glade,"Fairfield Glade, TN",3.5
"Fentress County, TN",Wyndham Destinations,Groundskeeper - $15 hr - Club Wyndham Fairfield Glade,"Fairfield Glade, TN",3.5
"Fentress County, TN",KFC,Team Member,"Jamestown, TN 38556",3.5
"Fentress County, TN",Arbys,Team Member,"Crossville, TN 38555",3.5
"Fentress County, TN",McDonald’s,"Maintenance (Jamestown, TN)","Jamestown, TN 38556",3.5
"Fentress County, TN",Lowe's,Full Time - Receiver/Stocker – Day,"Crossville, TN 38555",3.5
"Fentress County, TN",Lifeline Health Care of Clinton,Registered Nurse - (Home Health Float RN),"Albany, KY 42602",3.5
"Fentress County, TN","Pizza Hut of Southeast Kansas, Inc.",Pizza Hut Server,"Jamestown, TN 38556",3.5
"Fentress County, TN",ABC INOAC Exterior Systems,Manufacturing Positions starting at $16.00 to $18.49,"Livingston, TN 38570",3.4
"Fentress County, TN",GameStop,Retail Management,"Crossville, TN 38555",3.4
"Fentress County, TN",National OnDemand Inc,Cable Installation Technician,"Albany, KY",3.4
"Fentress County, TN",O'Reilly Auto Parts,Parts Delivery,"Livingston, TN 38570",3.4
"Fentress County, TN",Dana Incorporated,Assistant Controller,"Crossville, TN 38555",3.4
"Fentress County, TN",ResourceMFG,Manufacturing Associate - Start ASAP,"Livingston, TN 38570",3.3
"Fentress County, TN","Harbor Freight Tools USA, Inc.",Retail Sales Associate,"Crossville, TN 38555",3.3
"Fentress County, TN",Murphy USA,CASHIER,"Jamestown, TN 38556",3.3
"Fentress County, TN",Overton County Sheriff's Department,Corrections,"Livingston, TN",3.3
"Fentress County, TN",Proud Moments ABA,Part Time Behavior Technician,"Crossville, TN",3.2
"Fentress County, TN",DISH,DISH Installation Technician - Field,"Jamestown, TN 38556",3.2
"Fentress County, TN",SUIT,Over The Road,Tennessee,3.2
"Fentress County, TN","Landair Transport, Inc",CDLA Dedicated Driver-Home Most Weekends,Tennessee,3.2
"Fentress County, TN",Farmers Home Furniture,Hourly/Commission Sales - Part Time,"Jamestown, TN 38556",3.1
"Fentress County, TN",Fast Pace Health,"Clinical Tech. (MA, LPN, RN or X-Ray Tech)","Jamestown, TN 38556",3.1
"Fentress County, TN",Fast Pace Health,Medical Receptionist,"Oneida, TN 37841",3.1
"Fentress County, TN",Dollar General,SALES ASSOCIATE,"Monroe, TN 38573",3.0
"Fentress County, TN",Dollar General,SALES ASSOCIATE,"Jamestown, TN 38556",3.0
"Fentress County, TN",Dollar General,SALES ASSOCIATE,"Monterey, TN 38574",3.0
"Fentress County, TN",Dollar General,SALES ASSOCIATE,"Jamestown, TN 38556",3.0
"Fentress County, TN",Mizkan America Inc,Bottling Line Lead,"Crossville, TN 38555",3.0
"Fentress County, TN",Dollar General,SALES ASSOCIATE,"Clarkrange, TN 38553",3.0
"Fentress County, TN",Dollar General,SALES ASSOCIATE,"Sunbright, TN 37872",3.0
"Fentress County, TN",Dollar General,SALES ASSOCIATE,"Crossville, TN 38571",3.0
"Fentress County, TN",Dollar General,ASST STORE MGR,"Jamestown, TN 38556",3.0
"Fentress County, TN",Dollar General,SALES ASSOCIATE,"Albany, KY 42602",3.0
"Fentress County, TN",Dollar General,SALES ASSOCIATE,"Wartburg, TN 37887",3.0
"Fentress County, TN",Dollar General,SALES ASSOCIATE,"Byrdstown, TN 38549",3.0
"Fentress County, TN",Dollar General,SALES ASSOCIATE,"Albany, KY 42602",3.0
"Fentress County, TN",Dollar General,SALES ASSOCIATE,"Crossville, TN 38571",3.0
"Fentress County, TN",A Services Group,Unarmed Security Guard,"Crossville, TN 38555",2.8
"Fentress County, TN","Buc-ee's, Ltd.",Janitorial/Cleaning & Maintenance Manager,"Crossville, TN 38555",2.7
"Fentress County, TN","Buc-ee's, Ltd.",Grocery Stocker,"Crossville, TN 38555",2.7
"Fentress County, TN","Buc-ee's, Ltd.",Human Resources Field Representative,"Crossville, TN 38555",2.7
"Fentress County, TN",Chewy,Fulfillment Specialist - Part-Time,Tennessee,2.7
"Fentress County, TN","Buc-ee's, Ltd.",Cashier,"Crossville, TN 38555",2.7
"Fentress County, TN",Chewy,Fulfillment Specialist - Nights,Tennessee,2.7
"Fentress County, TN",Chewy,Fulfillment Specialist,Tennessee,2.7
"Fentress County, TN",Chewy,Fulfillment Specialist,Tennessee,2.7
"Fentress County, TN",HBD Industries,Plant Controller,"Oneida, TN 37841",2.6
"Fentress County, TN",Aspen Dental,Dentist - DDS / DMD,"Crossville, TN 38555",2.5
"Fentress County, TN",Aspen Dental,Dental Assistant,"Crossville, TN 38555",2.5
"Fentress County, TN","Woda Cooper Companies, Inc.",Property Manager for Northside Drive Apartments,"Crossville, TN 38555",2.4
"Jackson County, TN",Integrated Wound Care,Part Time Nurse Practitioner,"Carthage, TN",4.5
"Jackson County, TN",Macon County Schools,Macon County High School Custodian,"Lafayette, TN 37083",4.3
"Jackson County, TN",Macon County Schools,Substitute Teacher-22-23 SY,"Lafayette, TN 37083",4.3
"Jackson County, TN",WorkSquare,Registered Nurse Step Down Unit /Peds,"Cookeville, TN",4.2
"Jackson County, TN",WorkSquare,Registered Nurse (RN) Stepdown Peds,"Cookeville, TN",4.2
"Jackson County, TN",University of Tennessee,Extension Agent,"Celina, TN",4.1
"Jackson County, TN",City of Cookeville,Parks Groundskeeper,"Cookeville, TN 38501",4.0
"Jackson County, TN",SAIC,Service Desk Technician,"Cookeville, TN 38501",4.0
"Jackson County, TN",Advance Financial,Customer Service Representative,"Lafayette, TN 37083",3.9
"Jackson County, TN",Advance Financial,Customer Service Representative,"Cookeville, TN 38501",3.9
"Jackson County, TN",Wilson Sporting Goods Co.,Warehouse Supervisor,"Sparta, TN 38583",3.9
"Jackson County, TN",PepsiCo Beverages North America,Warehouse Person (Loader) (Evenings),"Cookeville, TN 38501",3.8
"Jackson County, TN",Best Choice Roofing,Entry Level Storm Damage Inspector,"Cookeville, TN 38501",3.8
"Jackson County, TN",PepsiCo Beverages North America,Merchandiser,"Cookeville, TN 38501",3.8
"Jackson County, TN",Cookeville Regional Medical Center,Patient Sitter,"Cookeville, TN 38501",3.6
"Jackson County, TN",Easter Seals of TN,Entry Level HR Clerk,"Carthage, TN 37030",3.6
"Jackson County, TN",Cookeville Regional Medical Center,NPT Registration Representative,"Cookeville, TN 38501",3.6
"Jackson County, TN",Cookeville Regional Medical Center,Sterile Processing Technician,"Cookeville, TN 38501",3.6
"Jackson County, TN",Cookeville Regional Medical Center,Patient Representative - Urgent Care Clinic,"Cookeville, TN 38501",3.6
"Jackson County, TN",State of TN,DCS CASE MANAGER 2* EG - 02162023-43534,"Lafayette, TN 37083",3.6
"Jackson County, TN",Subsource,Subway Sandwich Artist - 29922,"Gainesboro, TN 38562",3.6
"Jackson County, TN",State of TN,DCS CASE MANAGER 2* EG - 02162023-43534,"Celina, TN 38551",3.6
"Jackson County, TN",Easter Seals of TN,Entry Level HR Clerk,"Gordonsville, TN 38563",3.6
"Jackson County, TN",Cookeville Regional Medical Center,Certified Athletic Trainer,"Cookeville, TN 38501",3.6
"Jackson County, TN",Regions,Relationship Banker I (Cookeville Jefferson),"Cookeville, TN 38501",3.5
"Jackson County, TN",Lowe's,Warehouse Part Time Overnight,"Cookeville, TN 38501",3.5
"Jackson County, TN",Lowe's,Warehouse Part Time Days,"Cookeville, TN 38501",3.5
"Jackson County, TN",Getaway,"Trail Runner *(Celina, TN)","Celina, TN 38551",3.5
"Jackson County, TN",AMC Theatres,Crew,"Cookeville, TN 38506",3.5
"Jackson County, TN",ABC INOAC Exterior Systems,Manufacturing Positions starting at $16.00 to $18.49,"Livingston, TN 38570",3.4
"Jackson County, TN",American Physician Partners,Practice Coordinator,"Cookeville, TN 38501",3.4
"Jackson County, TN",Foundever,Customer Service Insurance Representative,"Cookeville, TN",3.4
"Jackson County, TN",GNC,Part Time Sales Associate,"Cookeville, TN 38501",3.4
"Jackson County, TN",Overton County Sheriff's Department,Deputy,"Livingston, TN",3.3
"Jackson County, TN","Harbor Freight Tools USA, Inc.",Retail Stocking Associate,"Cookeville, TN 38501",3.3
"Jackson County, TN",DoorDash,Delivery Driver - No Experience Needed,"Cookeville, TN 38505",3.3
"Jackson County, TN",Ficosa North America,Paint Mix Room Operator,"Cookeville, TN 38506",3.3
"Jackson County, TN",United Language Group,Medical Site Credentialing Specialist,"Cookeville, TN",3.3
"Jackson County, TN",Volunteer Behavioral Health Care System,School Based Counselor,"Byrdstown, TN",3.2
"Jackson County, TN",CVS Health Retail,Retail Store Associate,"Cookeville, TN",3.2
"Jackson County, TN",Nyrstar,Entry Level Miner,"Gordonsville, TN 38563",3.2
"Jackson County, TN",Books-A-Million,Bookseller,"Cookeville, TN 38501",3.2
"Jackson County, TN",Mabry Health Care and Rehab Center,Laundry Aide,"Gainesboro, TN 38562",3.1
"Jackson County, TN",GameXChange,Game Advisor,"Cookeville, TN 38501",3.1
"Jackson County, TN",XPO,Forklift Operator,"Cookeville, TN 38505",3.1
"Jackson County, TN",Dollar General,SALES ASSOCIATE,"Celina, TN 38551",3.0
"Jackson County, TN",Dollar General,SALES ASSOCIATE,"Red Boiling Springs, TN 37150",3.0
"Jackson County, TN",Smith County Health and Rehabilitation,Receptionist,"Carthage, TN 37030",3.0
"Jackson County, TN",Dollar General,SALES ASSOCIATE,"Hilham, TN 38568",3.0
"Jackson County, TN",Dollar General,SALES ASSOCIATE,"Gainesboro, TN 38562",3.0
"Jackson County, TN",Dollar General,SALES ASSOCIATE,"Carthage, TN 37030",3.0
"Jackson County, TN","Heath Consultants, Inc.","Field Technician, Locator","Cookeville, TN 38501",2.9
"Jackson County, TN",IWC Food Service,Lift Operator - Dayshift,"Cookeville, TN 38506",2.9
"Jackson County, TN","Cash Express, LLC",CSR - Customer Service Representative,"Gainesboro, TN 38562",2.7
"Jackson County, TN",Chewy,Fulfillment Specialist - Part-Time,"Gordonsville, TN",2.7
"Jackson County, TN",Chewy,Fulfillment Specialist,"Red Boiling Springs, TN",2.7
"Jackson County, TN",Chewy,Fulfillment Specialist,"Red Boiling Springs, TN",2.7
"Jackson County, TN",Chewy,Fulfillment Specialist,"Carthage, TN",2.7
"Jackson County, TN",Chewy,Fulfillment Specialist,"Carthage, TN",2.7
"Jackson County, TN",Chewy,Fulfillment Specialist,"Gordonsville, TN",2.7
"Jackson County, TN",Chewy,Fulfillment Specialist,"Gordonsville, TN",2.7
"Jackson County, TN",Chewy,Fulfillment Specialist - Part-Time,"Red Boiling Springs, TN",2.7
"Jackson County, TN",Chewy,Fulfillment Specialist - Nights,"Red Boiling Springs, TN",2.7
"Jackson County, TN",Chewy,Fulfillment Specialist - Part-Time,"Carthage, TN",2.7
"Jackson County, TN",Chewy,Fulfillment Specialist,"Watertown, TN",2.7
"Macon County, TN",Macon County Schools,School Crossing Guards,"Lafayette, TN 37083",4.3
"Macon County, TN",REI,DC Receiving Supervisor - Weekend Days,"Lebanon, TN",4.1
"Macon County, TN",Dutch Bros,"Broista - Gallatin, TN","Gallatin, TN 37066",4.0
"Macon County, TN",Dayton Freight,Part-Time Dock Worker / Forklift Operator | $21.29/hr.,"Lebanon, TN 37090",3.9
"Macon County, TN",Halton Company,Part-Time Production Associate,"Scottsville, KY 42164",3.9
"Macon County, TN",Gap Inc.,Seasonal Warehouse Associate,"Gallatin, TN 37066",3.7
"Macon County, TN","City of Lebanon, TN",CUSTOMER SUPPORT SPECIALIST 2,"Lebanon, TN",3.7
"Macon County, TN",Gap Inc.,Warehouse Associate - No Interview Required,"Gallatin, TN 37066",3.7
"Macon County, TN",Vanderbilt University Medical Center,Associate Patient Service Specialist Women's Clinic,"Lebanon, TN 37087",3.7
"Macon County, TN",Matthew Thomson - State Farm Agent,Receptionist - State Farm Agent Team Member,"Gallatin, TN 37066",3.7
"Macon County, TN",Bridgestone Americas,Material Handler - Weekend Shift,"Lebanon, TN 37090",3.6
"Macon County, TN",State of TN,ADMINISTRATIVE SECRETARY - 03302023-44472,"Gallatin, TN 37066",3.6
"Macon County, TN",State of Tennessee,DCS CASE MANAGER 3 - 03302023-44497,"Gallatin, TN 37066",3.6
"Macon County, TN",Macy’s,"Director, Operations","Portland, TN 37148",3.6
"Macon County, TN",Easter Seals of TN,Entry Level HR Clerk,"Hartsville, TN 37074",3.6
"Macon County, TN",State of Tennessee,ELIGIBILITY COUNSELOR 1* - 03232023-44430,"Gallatin, TN 37066",3.6
"Macon County, TN",State of Tennessee,PROBATION/PAROLE OFFICER 1* - 03302023-44534,"Gallatin, TN 37066",3.6
"Macon County, TN",Easter Seals of TN,Entry Level HR Clerk,"Carthage, TN 37030",3.6
"Macon County, TN",McDonald’s,"Service and/or Kitchen Crew (time off, health insurance, tuition assistance up to $2500)","Lafayette, TN 37083",3.5
"Macon County, TN",WALGREENS,Pharmacy Customer Service Associate,"Lafayette, TN 37083",3.5
"Macon County, TN",Taco Bell,Cashier (Daily Pay Available!),"Lafayette, TN 37083",3.5
"Macon County, TN",Wilson County School District,Internal Auditor,"Lebanon, TN 37087",3.4
"Macon County, TN",Permobil,Operations Manager,"Lebanon, TN",3.4
"Macon County, TN",O'Reilly Auto Parts,Human Resources Business Partner,"Lebanon, TN",3.4
"Macon County, TN",Greif,Plant Manager,"Franklin, KY 42134",3.4
"Macon County, TN",FedEx Supply Chain,Business Intelligence Analyst,"Lebanon, TN",3.3
"Macon County, TN","Harbor Freight Tools USA, Inc.",Retail Stocking Manager,"Lebanon, TN 37087",3.3
"Macon County, TN",Dollar Tree,OPERATIONS ASSISTANT MANAGER,"Lafayette, TN 37083",3.3
"Macon County, TN","Ferguson Enterprises, LLC",Distribution Center General Manager,"Lebanon, TN 37090",3.3
"Macon County, TN",FedEx Ground PH US,Warehouse Package Handler,"Mount Juliet, TN 37122",3.3
"Macon County, TN",DISH,DISH Installation Technician - Field,"Lafayette, TN 37083",3.2
"Macon County, TN","Dawson Logistics, LLC",IT Specialist Tier 1,"Lebanon, TN 37087",3.2
"Macon County, TN",ALDI,Full-Time Store Associate,"Lebanon, TN",3.2
"Macon County, TN",ALDI,Part-Time Store Associate,"Lebanon, TN",3.2
"Macon County, TN",Commonwealth of Kentucky,Park Worker I,"Lucas, KY 42156",3.2
"Macon County, TN",Farmers Home Furniture,Delivery Assistant - Part Time,"Lafayette, TN 37083",3.1
"Macon County, TN",Dollar General,SALES ASSOCIATE,"Lafayette, TN 37083",3.0
"Macon County, TN",Dollar General,SALES ASSOCIATE,"Pleasant Shade, TN 37145",3.0
"Macon County, TN",Dollar General,SALES ASSOCIATE,"Lafayette, TN 37083",3.0
"Macon County, TN",Dollar General,SALES ASSOCIATE,"Gamaliel, KY 42140",3.0
"Macon County, TN",Dollar General,SALES ASSOCIATE,"Fountain Run, KY 42133",3.0
"Macon County, TN",The Providence Groups,VP of Human Resources,"White House, TN",2.9
"Macon County, TN",US Pack Script LLC.,Delivery Driver/Courier,"Glasgow, KY",2.7
"Macon County, TN",Chewy,Fulfillment Specialist - Part-Time,"Portland, TN",2.7
"Macon County, TN",Chewy,Fulfillment Specialist,"Laguardo, TN",2.7
"Macon County, TN",Chewy,Fulfillment Specialist - Nights,"Gallatin, TN",2.7
"Macon County, TN",Chewy,Fulfillment Specialist,"Carthage, TN",2.7
"Macon County, TN",Chewy,Fulfillment Specialist,"Portland, TN",2.7
"Macon County, TN",Chewy,Fulfillment Specialist - Nights,"Carthage, TN",2.7
"Macon County, TN",Chewy,Fulfillment Specialist,"Gallatin, TN",2.7
"Macon County, TN",Chewy,Fulfillment Specialist,"Laguardo, TN",2.7
"Macon County, TN",Chewy,Fulfillment Specialist,"Gallatin, TN",2.7
"Macon County, TN",Chewy,Fulfillment Specialist,"Gordonsville, TN",2.7
"Macon County, TN",Chewy,Fulfillment Specialist - Part-Time,"Carthage, TN",2.7
"Macon County, TN",Chewy,Fulfillment Specialist,"Gordonsville, TN",2.7
"Macon County, TN",Chewy,Fulfillment Specialist,"Portland, TN",2.7
"Macon County, TN",Chewy,Fulfillment Specialist - Part-Time,"Laguardo, TN",2.7
"Macon County, TN",Chewy,Fulfillment Specialist,"Lebanon, TN",2.7
"Macon County, TN",Chewy,Fulfillment Specialist,"Carthage, TN",2.7
"Macon County, TN",Chewy,Fulfillment Specialist - Nights,"Red Boiling Springs, TN",2.7
"Macon County, TN",Chewy,Fulfillment Specialist - Part-Time,"Red Boiling Springs, TN",2.7
"Macon County, TN",Chewy,Fulfillment Specialist,"Red Boiling Springs, TN",2.7
"Macon County, TN",Chewy,Fulfillment Specialist,"Red Boiling Springs, TN",2.7
"Macon County, TN",Chewy,Fulfillment Specialist,"Lebanon, TN",2.7
"Macon County, TN","Capstone Logistics, LLC.",Warehouse Unloader,"Scottsville, KY 42164",2.6
"Macon County, TN",Southeastern Roofing,Entry Level Consultant,"Gallatin, TN",2.6
"Macon County, TN",Bluegrass Ingredients Inc,LAB-QUALITY & ASSURANCE-GLASGOW,"Glasgow, KY 42141",1.0
"Overton County, TN",University of Tennessee,Extension Agent,"Celina, TN",4.1
"Overton County, TN",University of Tennessee,Extension Agent,"Gainesboro, TN",4.1
"Overton County, TN",Tennessee Tech University,Administrative Associate 4,"Cookeville, TN",4.0
"Overton County, TN",Tennessee Tech University,Administrative Associate 2,"Cookeville, TN",4.0
"Overton County, TN",Sourced Craft Cocktails,"Brand Ambassador - Cookeville, TN","Cookeville, TN",3.9
"Overton County, TN",Wilson Sporting Goods Co.,Plant Manager,"Sparta, TN 38583",3.9
"Overton County, TN",The Salvation Army,"Camp Security - Burkesville, KY","Burkesville, KY 42717",3.9
"Overton County, TN",Wilson Sporting Goods Co.,Warehouse Supervisor,"Sparta, TN 38583",3.9
"Overton County, TN","Advanced Cleaning Service, LLC",Cleaner,"Cookeville, TN 38506",3.9
"Overton County, TN",The Salvation Army,"Camp Program Aid/Canteen - Burkesville, KY","Burkesville, KY 42717",3.9
"Overton County, TN",PepsiCo Beverages North America,Warehouse Person (Loader) (Evenings),"Cookeville, TN 38501",3.8
"Overton County, TN",Best Choice Roofing,Entry Level Storm Damage Inspector,"Cookeville, TN 38501",3.8
"Overton County, TN",PepsiCo Beverages North America,Driver Qualification File - PepsiCo - New Bern Transportation,"Albany, KY 42602",3.8
"Overton County, TN",Parker Hannifin Corporation,Machine Technician,"Livingston, TN 38570",3.7
"Overton County, TN",Monroe One BOCES,"Notice of Periodic Vacancies for Interim Superintendent, Interim Assistant Superintendent, Interim B","Monroe, TN",3.6
"Overton County, TN",Cookeville Regional Medical Center,Sterile Processing Technician,"Cookeville, TN 38501",3.6
"Overton County, TN",Cookeville Regional Medical Center,CRMG Patient Representative - CV Surgeons Office,"Cookeville, TN 38501",3.6
"Overton County, TN",Cookeville Regional Medical Center,Release of Information Assistant,"Cookeville, TN 38501",3.6
"Overton County, TN",Subsource,Subway Sandwich Artist - 16106,"Livingston, TN 38570",3.6
"Overton County, TN",Safe Harbor Marinas,Wisdom Dock Housekeeper,"Albany, KY 42602",3.6
"Overton County, TN",Safe Harbor Marinas,Dockhand,"Byrdstown, TN 38549",3.6
"Overton County, TN",Linde plc,NOxBOXi Service Technician,"Livingston, TN",3.6
"Overton County, TN","Tyson Foods, Inc.","GENERAL LABOR 1ST SHIFT ALBANY, KY April 2023","Albany, KY",3.6
"Overton County, TN",State of TN,DCS CASE MANAGER 2* EG - 02162023-43534,"Livingston, TN 38570",3.6
"Overton County, TN",Safe Harbor Marinas,Wisdom Dock Dockhand,"Albany, KY 42602",3.6
"Overton County, TN",Cookeville Regional Medical Center,Patient Sitter,"Cookeville, TN 38501",3.6
"Overton County, TN",Linde plc,NOxBOXi Service Technician,"Livingston, TN",3.6
"Overton County, TN",Subway,Subway Sandwich Artist®,"Livingston, TN 38570",3.6
"Overton County, TN",Cookeville Regional Medical Center,Patient Representative - Urgent Care Clinic,"Cookeville, TN 38501",3.6
"Overton County, TN",Subsource,Subway Sandwich Artist - 29922,"Gainesboro, TN 38562",3.6
"Overton County, TN",Lowe's,Warehouse Part Time Days,"Cookeville, TN 38501",3.5
"Overton County, TN",Getaway,"Trail Runner *(Celina, TN)","Celina, TN 38551",3.5
"Overton County, TN",Logan's Roadhouse,Server,"Cookeville, TN 38501",3.5
"Overton County, TN","United Rentals, Inc.",Inside Sales Rep,"Cookeville, TN 38501",3.5
"Overton County, TN",Lowe's,Retail Sales – Part Time,"Cookeville, TN 38501",3.5
"Overton County, TN","Pizza Hut of Southeast Kansas, Inc.",Pizza Hut Team Member,"Livingston, TN 38570",3.5
"Overton County, TN",AO Smith,Material Handler (1st Shift - $17.78/hr),"Cookeville, TN 38506",3.5
"Overton County, TN",Regions,Relationship Banker I (Cookeville Jefferson),"Cookeville, TN 38501",3.5
"Overton County, TN",INOAC Exterior Systems,Machine Operator/Assembler starting at $16.00 to $18.49,"Livingston, TN 38570",3.4
"Overton County, TN",National OnDemand Inc,Cable Installation Technician,"Albany, KY",3.4
"Overton County, TN",Tractor Supply,Team Member,"Livingston, TN 38570",3.4
"Overton County, TN",Academy Sports + Outdoors,DC Team Member - Days/Nights/Weekends,"Cookeville, TN 38506",3.4
"Overton County, TN",O'Reilly Auto Parts,Parts Delivery,"Livingston, TN 38570",3.4
"Overton County, TN",Foundever,Customer Service Insurance Representative,"Cookeville, TN",3.4
"Overton County, TN",Overton County Sheriff's Department,Corrections,"Livingston, TN",3.3
"Overton County, TN",Spectrum,Project Manager,"Cookeville, TN",3.3
"Overton County, TN",ResourceMFG,Manufacturing Associate - Start ASAP,"Livingston, TN 38570",3.3
"Overton County, TN",LifePoint Health,Population Health Advisor - Commonwealth,"Lake Cumberland, KY",3.3
"Overton County, TN",Commonwealth of Kentucky,Administrative Specialist I,"Albany, KY 42602",3.2
"Overton County, TN",Books-A-Million,Barista,"Cookeville, TN 38501",3.2
"Overton County, TN",CVS Health Retail,Retail Store Associate,"Cookeville, TN",3.2
"Overton County, TN",Books-A-Million,Bookseller,"Cookeville, TN 38501",3.2
"Overton County, TN",CVS Health Retail,Retail Store Associate,"Cookeville, TN",3.2
"Overton County, TN",Certified Maintenance Services,CLEANING TECH,"Cookeville, TN 38501",3.1
"Overton County, TN",Dollar General,SALES ASSOCIATE,"Albany, KY 42602",3.0
"Overton County, TN",Dollar General,SALES ASSOCIATE,"Cookeville, TN 38506",3.0
"Overton County, TN",Dollar General,SALES ASSOCIATE,"Cookeville, TN 38506",3.0
"Overton County, TN",Dollar General,SALES ASSOCIATE,"Allons, TN 38541",3.0
"Overton County, TN",Dollar General,SALES ASSOCIATE,"Monroe, TN 38573",3.0
"Overton County, TN",Dollar General,SALES ASSOCIATE,"Livingston, TN 38570",3.0
"Overton County, TN",Dollar General,SALES ASSOCIATE,"Livingston, TN 38570",3.0
"Overton County, TN",Glass America,Customer Service / Office Support (Cookeville),"Cookeville, TN",2.8
"Overton County, TN",Chewy,Fulfillment Specialist,"Red Boiling Springs, TN",2.7
"Overton County, TN",Chewy,Fulfillment Specialist - Nights,"Red Boiling Springs, TN",2.7
"Overton County, TN",Chewy,Fulfillment Specialist,"Red Boiling Springs, TN",2.7
"Overton County, TN",Chewy,Fulfillment Specialist - Part-Time,"Red Boiling Springs, TN",2.7
"Overton County, TN",Tennessee Orthopaedic Alliance,Therapy Technician,"Cookeville, TN 38501",2.5
"Pickett County, TN",Neat Companies,Forklift Operator,"Russell Springs, KY 42642",4.3
"Pickett County, TN",Scott County Schools,Custodian/Maintenance Worker ~ SHS ~ 2023,"Huntsville, TN 37756",4.2
"Pickett County, TN",Scott County Schools,Custodian ~ BES ~ 2022,"Huntsville, TN 37756",4.2
"Pickett County, TN",Scott County Schools,Substitute Teachers,"Huntsville, TN 37756",4.2
"Pickett County, TN",University of Tennessee,Extension Agent,"Celina, TN",4.1
"Pickett County, TN","Advanced Cleaning Service, LLC",Cleaner/Janitor,"Clarkrange, TN 38553",3.9
"Pickett County, TN",US National Park Service,Biological Science Technician (Plants),"Oneida, TN 37841",3.9
"Pickett County, TN",The Salvation Army,"Conservatory Program Director/Instructor - Burkesville, KY","Burkesville, KY 42717",3.9
"Pickett County, TN",The Salvation Army,"Camp Housekeeper/Laundress - Burkesville, KY","Burkesville, KY 42717",3.9
"Pickett County, TN",The Salvation Army,Lifeguard,"Burkesville, KY 42717",3.9
"Pickett County, TN",The Salvation Army,"Camp Kitchen Assistant - Burkesville, KY","Burkesville, KY 42717",3.9
"Pickett County, TN","Advanced Cleaning Service, LLC",Cleaner,"Cookeville, TN 38506",3.9
"Pickett County, TN",Wayne County Hospital,Laboratory - Phlebotomist/Clerk,"Monticello, KY 42633",3.9
"Pickett County, TN",The Salvation Army,"Camp Counselor/Music Instructor Female (Conservatory) - Burkesville, KY","Burkesville, KY 42717",3.9
"Pickett County, TN",The Salvation Army,"Camp Program Aid/Canteen - Burkesville, KY","Burkesville, KY 42717",3.9
"Pickett County, TN",Wayne County School District,English Teacher @ WCHS,"Monticello, KY 42633",3.9
"Pickett County, TN",The Salvation Army,"Conservatory Program Aid - Burkesville, KY","Burkesville, KY 42717",3.9
"Pickett County, TN",International Specialty Supply,Purchasing Agent,"Cookeville, TN 38506",3.8
"Pickett County, TN",PepsiCo Beverages North America,Driver Qualification File - PepsiCo - New Bern Transportation,"Albany, KY 42602",3.8
"Pickett County, TN",Constellation Brands,"Assistant, Warehouse - Nelsons Green Brier","Green Brier, TN",3.8
"Pickett County, TN",Livingston Regional Hospital,Food Service Worker,"Livingston, TN 38570",3.8
"Pickett County, TN",Constellation Brands,Tour Guide - Nelson's Green Brier,"Green Brier, TN",3.8
"Pickett County, TN",footprint Solutions,Merchandiser Part Time,"Cedar Grove, TN",3.7
"Pickett County, TN","Tyson Foods, Inc.","GENERAL LABOR 1ST SHIFT ALBANY, KY April 2023","Albany, KY",3.6
"Pickett County, TN",Positive Behavior Supports Corporation (PBS),Registered Behavior Technician (RBT),"Byrdstown, TN",3.6
"Pickett County, TN",Linde plc,NOxBOXi Service Technician,"Livingston, TN",3.6
"Pickett County, TN",Safe Harbor Marinas,Guard,"Jamestown, KY 42629",3.6
"Pickett County, TN",Linde plc,NOxBOXi Service Technician,"Livingston, TN",3.6
"Pickett County, TN",Weatherby Healthcare,Physician: TN Facility Seeks a Locums Hospitalist | JOB-2810426,Tennessee,3.6
"Pickett County, TN",Subsource,Subway Sandwich Artist - 45519,"Jamestown, TN 38556",3.6
"Pickett County, TN",Subway,Subway Sandwich Artist®,"Jamestown, TN 38556",3.6
"Pickett County, TN",State of TN,DCS CASE MANAGER 2* EG - 02162023-43534,"Livingston, TN 38570",3.6
"Pickett County, TN",State of TN,DCS CASE MANAGER 2* EG - 02162023-43534,"Huntsville, TN 37756",3.6
"Pickett County, TN",Safe Harbor Marinas,Dockhand,"Byrdstown, TN 38549",3.6
"Pickett County, TN",State of TN,DCS CASE MANAGER 2* EG - 02162023-43534,"Celina, TN 38551",3.6
"Pickett County, TN",Safe Harbor Marinas,Wisdom Dock Housekeeper,"Albany, KY 42602",3.6
"Pickett County, TN",Safe Harbor Marinas,Wisdom Dock Dockhand,"Albany, KY 42602",3.6
"Pickett County, TN",Safe Harbor Marinas,Wisdom Dock Retail Assistant,"Albany, KY 42602",3.6
"Pickett County, TN",McDonald’s,Customer Service Representative,"Albany, KY 42602",3.5
"Pickett County, TN",McDonald’s,Food Prep,"Albany, KY 42602",3.5
"Pickett County, TN",McDonald’s,Maintenance,"Albany, KY 42602",3.5
"Pickett County, TN","Pizza Hut of Southeast Kansas, Inc.",Pizza Hut Server,"Albany, KY 42602",3.5
"Pickett County, TN",WALGREENS,Pharmacy Technician / Pharm Tech Apprenticeship,"Monticello, KY 42633",3.5
"Pickett County, TN",Hutchinson Fluid Management System,Mechanical Designer,"Livingston, TN 38570",3.4
"Pickett County, TN",O'Reilly Auto Parts,Parts Delivery,"Livingston, TN 38570",3.4
"Pickett County, TN",National OnDemand Inc,Cable Installation Technician,"Albany, KY",3.4
"Pickett County, TN",O'Reilly Auto Parts,Parts Delivery,"Cookeville, TN 38501",3.4
"Pickett County, TN",Tractor Supply,Team Member,"Jamestown, TN 38556",3.4
"Pickett County, TN",Med Center Health,Clinical Laboratory Assistant,"Albany, KY 42602",3.4
"Pickett County, TN",Murphy USA,CASHIER,"Jamestown, TN 38556",3.3
"Pickett County, TN",ResourceMFG,Manufacturing Associate - Start ASAP,"Livingston, TN 38570",3.3
"Pickett County, TN",Lifeline Homecare Inc,CareGiver,"Albany, KY 42602",3.3
"Pickett County, TN",Overton County Sheriff's Department,Deputy,"Livingston, TN",3.3
"Pickett County, TN",Commonwealth of Kentucky,Administrative Specialist I,"Albany, KY 42602",3.2
"Pickett County, TN",Volunteer Behavioral Health Care System,School Based Counselor,"Livingston, TN 38570",3.2
"Pickett County, TN",Kentucky Department Of Corrections,Office Support Assistant (Interim),"Monticello, KY 42633",3.2
"Pickett County, TN",Commonwealth of Kentucky,Office Support Assistant (Interim),"Monticello, KY 42633",3.2
"Pickett County, TN",Commonwealth of Kentucky,Serving Attendant,"Jamestown, KY 42629",3.2
"Pickett County, TN",SUIT,Over The Road,Tennessee,3.2
"Pickett County, TN",The Ole Homeplace,Caregiver Updated Rates,"Albany, KY",3.2
"Pickett County, TN",Fast Pace Health,Medical Receptionist,"Oneida, TN 37841",3.1
"Pickett County, TN",Dollar General,SALES ASSOCIATE,"Jamestown, TN 38556",3.0
"Pickett County, TN",Dollar General,SALES ASSOCIATE,"Jamestown, TN 38556",3.0
"Pickett County, TN",Dollar General,SALES ASSOCIATE,"Monticello, KY 42633",3.0
"Pickett County, TN",Dollar General,SALES ASSOCIATE,"Monticello, KY 42633",3.0
"Pickett County, TN",Dollar General,SALES ASSOCIATE,"Grimsley, TN 38565",3.0
"Pickett County, TN",Dollar General,SALES ASSOCIATE,"Livingston, TN 38570",3.0
"Pickett County, TN",Dollar General,SALES ASSOCIATE,"Moss, TN 38575",3.0
"Pickett County, TN",Dollar General,SALES ASSOCIATE,"Albany, KY 42602",3.0
"Pickett County, TN","Five Star Food Service, Inc.",Cafeteria Worker (Equity/Tyson),"Albany, KY 42602",2.8
"Pickett County, TN","Cash Express, LLC",CSR - Customer Service Representative,"Byrdstown, TN 38549",2.7
"Pickett County, TN","Millennium Information Services, Inc.",Field Inspector,Tennessee,2.6
"Pickett County, TN","Woda Cooper Companies, Inc.",Maintenance Technician for Mason Greene Apartments,"Monticello, KY 42633",2.4
"Putnam County, TN",Care Team Solutions,Registered Nurse ICU/CCU,"Cookeville, TN 38501",4.9
"Putnam County, TN",Northside Family Dentistry,Patient Services Representative,"Cookeville, TN",4.5
"Putnam County, TN",White County Schools,Substitute Teacher,"Sparta, TN 38583",4.5
"Putnam County, TN",University of Tennessee,Administrative Support Assistant II,"Smithville, TN",4.1
"Putnam County, TN",Tennessee Tech University,Administrative Associate 2,"Cookeville, TN",4.0
"Putnam County, TN",Tennessee Tech University,Facilities/Events Coordinator,"Cookeville, TN",4.0
"Putnam County, TN",Sourced Craft Cocktails,"Brand Ambassador - Cookeville, TN","Cookeville, TN",3.9
"Putnam County, TN",Wilson Sporting Goods Co.,Warehouse Supervisor,"Sparta, TN 38583",3.9
"Putnam County, TN",Starbucks,"barista - Store# 10616, JEFFERSON & INTERSTATE","Cookeville, TN 38501",3.9
"Putnam County, TN",Wilson Sporting Goods Co.,Plant Manager,"Sparta, TN 38583",3.9
"Putnam County, TN",Longhorn Steakhouse,Server,"Cookeville, TN 38501",3.8
"Putnam County, TN",Hibbett | City Gear,Sales Associate,"Cookeville, TN",3.8
"Putnam County, TN",Bath & Body Works,Sales Associate-JACKSON PLAZA,"Cookeville, TN 38501",3.8
"Putnam County, TN",PepsiCo Beverages North America,Merchandiser,"Cookeville, TN 38501",3.8
"Putnam County, TN",City of Sparta,Apprentice Lineman,"Sparta, TN 38583",3.8
"Putnam County, TN",Frenchs Shoes & Boots Llc,Sales Associate-Part Time,"Cookeville, TN 38501",3.6
"Putnam County, TN",Cookeville Regional Medical Center,Patient Sitter,"Cookeville, TN 38501",3.6
"Putnam County, TN",Cookeville Regional Medical Center,Patient Representative/Appointment Scheduler - Urology Office,"Cookeville, TN 38501",3.6
"Putnam County, TN",State of TN,GOLF COURSE MANAGER -44397,"Spencer, TN 38585",3.6
"Putnam County, TN",State of TN,DCS CASE MANAGER 2* EG - 02162023-43534,"Cookeville, TN 38501",3.6
"Putnam County, TN",Easter Seals of TN,Entry Level HR Clerk,"Gordonsville, TN 38563",3.6
"Putnam County, TN",State of TN,DCS CASE MANAGER 2* EG - 02162023-43534,"Lafayette, TN 37083",3.6
"Putnam County, TN",Cookeville Regional Medical Center,CRMG Patient Representative - CV Surgeons Office,"Cookeville, TN 38501",3.6
"Putnam County, TN",State of Tennessee,GOLF COURSE MANAGER -44397,"Spencer, TN",3.6
"Putnam County, TN",Cookeville Regional Medical Center,Patient Representative - Urgent Care Clinic,"Cookeville, TN 38501",3.6
"Putnam County, TN",Cookeville Regional Medical Center,"Registered Nurse, 6E Pulmonary Stepdown Unit","Cookeville, TN 38501",3.6
"Putnam County, TN",Cookeville Regional Medical Center,NPT Registration Representative,"Cookeville, TN 38501",3.6
"Putnam County, TN",Lowe's,Warehouse Part Time Days,"Cookeville, TN 38501",3.5
"Putnam County, TN",AO Smith,Material Handler (1st Shift - $17.78/hr),"Cookeville, TN 38506",3.5
"Putnam County, TN",ColonialWebb,Ammonia Refrigeration Service Technician,"Cookeville, TN",3.5
"Putnam County, TN",AMC Theatres,Crew,"Cookeville, TN 38506",3.5
"Putnam County, TN",Regions,Relationship Banker I (Cookeville Jefferson),"Cookeville, TN 38501",3.5
"Putnam County, TN",GameStop,Retail Staff,"Cookeville, TN 38501",3.4
"Putnam County, TN",GNC,Part Time Sales Associate,"Cookeville, TN 38501",3.4
"Putnam County, TN",O'Reilly Auto Parts,Parts Delivery,"Cookeville, TN 38501",3.4
"Putnam County, TN",Spectrum,Project Manager,"Cookeville, TN",3.3
"Putnam County, TN",United States Postal Service,RURAL CARR ASSOC/SRV REG RTE,"Baxter, TN 38544",3.3
"Putnam County, TN","Harbor Freight Tools USA, Inc.",Retail Stocking Associate,"Cookeville, TN 38501",3.3
"Putnam County, TN",Aphena Pharma Solutions,Production Technician Day Shift 6A-6P,"Cookeville, TN 38501",3.2
"Putnam County, TN",Petco,Sales Associate,"Cookeville, TN 38501",3.2
"Putnam County, TN",Certified Maintenance Services,CLEANING TECH,"Cookeville, TN 38501",3.1
"Putnam County, TN",XPO,Forklift Operator,"Cookeville, TN 38505",3.1
"Putnam County, TN",Fast Pace Health,Medical Receptionist,"Smithville, TN 37166",3.1
"Putnam County, TN",Smith County Health and Rehabilitation,Receptionist,"Carthage, TN 37030",3.0
"Putnam County, TN",Manhattan Strategy Group (SNAP Project),Field Data Collector,"Cookeville, TN",3.0
"Putnam County, TN",Acorn Health,Behavior Technician,"Cookeville, TN 38506",2.9
"Putnam County, TN",Chewy,Fulfillment Specialist,"Gordonsville, TN",2.7
"Putnam County, TN",Chewy,Fulfillment Specialist - Nights,"Gordonsville, TN",2.7
"Putnam County, TN",Chewy,Fulfillment Specialist - Part-Time,"Red Boiling Springs, TN",2.7
"Putnam County, TN",Chewy,Fulfillment Specialist,"Red Boiling Springs, TN",2.7
"Putnam County, TN",Chewy,Fulfillment Specialist,"Red Boiling Springs, TN",2.7
"Putnam County, TN",Chewy,Fulfillment Specialist - Part-Time,"Carthage, TN",2.7
"Putnam County, TN",Chewy,Fulfillment Specialist - Nights,"Red Boiling Springs, TN",2.7
"Putnam County, TN",Chewy,Fulfillment Specialist,"Alexandria, TN",2.7
"Putnam County, TN",Chewy,Fulfillment Specialist,"Alexandria, TN",2.7
"Putnam County, TN",Chewy,Fulfillment Specialist - Part-Time,"Gordonsville, TN",2.7
"Putnam County, TN",Chewy,Fulfillment Specialist,"Carthage, TN",2.7
"Putnam County, TN",Chewy,Fulfillment Specialist,"Carthage, TN",2.7
"Putnam County, TN",Chewy,Fulfillment Specialist,"Gordonsville, TN",2.7
"Putnam County, TN",Chewy,Fulfillment Specialist - Nights,"Carthage, TN",2.7
"Putnam County, TN",Chewy,Fulfillment Specialist - Part-Time,"Alexandria, TN",2.7
"Smith County, TN",Macon County Schools,Substitute Teacher-22-23 SY,"Lafayette, TN 37083",4.3
"Smith County, TN",University of Tennessee,Administrative Support Assistant II,"Smithville, TN",4.1
"Smith County, TN",REI,"REI Opening State of the Art Distribution Center in Lebanon, TN in 2023","Lebanon, TN",4.1
"Smith County, TN",REI,DC Receiving Supervisor - Weekend Days,"Lebanon, TN",4.1
"Smith County, TN",REI,Security Specialist - Lebanon Distribution Center - Part Time,"Lebanon, TN",4.1
"Smith County, TN",Under Armour,Administrative Assistant,"Mount Juliet, TN 37122",3.8
"Smith County, TN",Gap Inc.,Warehouse Associate - No Interview Required,"Gallatin, TN 37066",3.7
"Smith County, TN","City of Lebanon, TN",CUSTOMER SUPPORT SPECIALIST 2,"Lebanon, TN",3.7
"Smith County, TN",Gap Inc.,Seasonal Warehouse Associate,"Gallatin, TN 37066",3.7
"Smith County, TN",State of Tennessee,ADMINISTRATIVE SECRETARY - 03302023-44472,"Gallatin, TN 37066",3.6
"Smith County, TN",State of TN,ADMINISTRATIVE SECRETARY - 03302023-44472,"Gallatin, TN 37066",3.6
"Smith County, TN",State of TN,DCS CASE MANAGER 2* EG - 02162023-43534,"Carthage, TN 37030",3.6
"Smith County, TN",State of TN,DCS CASE MANAGER 2* EG - 02162023-43534,"Lafayette, TN 37083",3.6
"Smith County, TN",Wood Personnel Services,Human Resources Assistant / Receptionist,"Lebanon, TN",3.6
"Smith County, TN",State of Tennessee,ELIGIBILITY COUNSELOR 1* - 03232023-44430,"Gallatin, TN 37066",3.6
"Smith County, TN",Lowe's,Retail Sales – Part Time,"Cookeville, TN 38501",3.5
"Smith County, TN",Aramark,Food Service Worker - Smith County - Food,"Carthage, TN 37030",3.5
"Smith County, TN",McDonald’s,Crew Team Member,"Carthage, TN 37030",3.5
"Smith County, TN",O'Reilly Auto Parts,Retail Counter Sales,"Carthage, TN",3.4
"Smith County, TN",Academy Sports + Outdoors,DC Team Member - Days/Nights/Weekends,"Cookeville, TN 38506",3.4
"Smith County, TN",Wilson County School District,School Secretary,"Lebanon, TN 37087",3.4
"Smith County, TN",SHIROKI North America,Production Manager,"Gordonsville, TN 38563",3.4
"Smith County, TN",O'Reilly Auto Parts,Retail Sales Specialist,"Carthage, TN",3.4
"Smith County, TN",Permobil,Operations Manager,"Lebanon, TN",3.4
"Smith County, TN",O'Reilly Auto Parts,Human Resources Business Partner,"Lebanon, TN",3.4
"Smith County, TN",Foundever,Customer Service Insurance Representative,"Cookeville, TN",3.4
"Smith County, TN",Tractor Supply,Team Member,"Carthage, TN 37030",3.4
"Smith County, TN",Home City Ice,Route Delivery Driver,"Lebanon, TN 37087",3.4
"Smith County, TN",Wilson County School District,Internal Auditor,"Lebanon, TN 37087",3.4
"Smith County, TN",Dana Incorporated,Assembly Technician Tier II 3rd Shift,"Gordonsville, TN 38563",3.4
"Smith County, TN",Wilson County School District,Human Resources Secretary,"Lebanon, TN 37087",3.4
"Smith County, TN",Permobil,Supply Chain Manager,"Lebanon, TN",3.4
"Smith County, TN","Harbor Freight Tools USA, Inc.",Retail Stocking Manager,"Lebanon, TN 37087",3.3
"Smith County, TN","Ferguson Enterprises, LLC",Distribution Center General Manager,"Lebanon, TN 37090",3.3
"Smith County, TN",Murphy USA,CASHIER,"Carthage, TN 37030",3.3
"Smith County, TN",FedEx Supply Chain,Business Intelligence Analyst,"Lebanon, TN",3.3
"Smith County, TN",ALDI,Full-Time Store Associate,"Lebanon, TN",3.2
"Smith County, TN","Dawson Logistics, LLC",IT Specialist Tier 1,"Lebanon, TN 37087",3.2
"Smith County, TN",ALDI,Purchasing Assistant,"Mount Juliet, TN",3.2
"Smith County, TN",Books-A-Million,Bookseller,"Cookeville, TN 38501",3.2
"Smith County, TN",ALDI,1st Shift Full-Time Warehouse Associate,"Mount Juliet, TN",3.2
"Smith County, TN",ALDI,Division Administrative Assistant,"Mount Juliet, TN",3.2
"Smith County, TN","Dawson Logistics, LLC",Account Manager,"Lebanon, TN 37087",3.2
"Smith County, TN",ALDI,Part-Time Store Associate,"Lebanon, TN",3.2
"Smith County, TN",Nyrstar,Entry Level Miner,"Gordonsville, TN 38563",3.2
"Smith County, TN",ALDI,2nd Shift Full-Time Warehouse Associate,"Mount Juliet, TN",3.2
"Smith County, TN",Pilot Company,Wendy's Team Member,"Gordonsville, TN 38563",3.1
"Smith County, TN",Dollar General,SALES ASSOCIATE,"Lebanon, TN 37087",3.0
"Smith County, TN",Dollar General,SALES ASSOCIATE,"Pleasant Shade, TN 37145",3.0
"Smith County, TN",Dollar General,SALES ASSOCIATE,"Carthage, TN 37030",3.0
"Smith County, TN",BONNELL ALUMINUM,Maintenance A 1st (12hours),"Carthage, TN",3.0
"Smith County, TN",Dollar General,SALES ASSOCIATE,"Carthage, TN 37030",3.0
"Smith County, TN",Dollar General,SALES ASSOCIATE,"Gordonsville, TN 38563",3.0
"Smith County, TN",Chewy,Fulfillment Specialist,"Alexandria, TN",2.7
"Smith County, TN",Chewy,Fulfillment Specialist,"Red Boiling Springs, TN",2.7
"Smith County, TN",Chewy,Fulfillment Specialist,"Gallatin, TN",2.7
"Smith County, TN",Chewy,Fulfillment Specialist,"Red Boiling Springs, TN",2.7
"Smith County, TN",Chewy,Fulfillment Specialist - Part-Time,"Alexandria, TN",2.7
"Smith County, TN",Chewy,Fulfillment Specialist - Nights,"Gordonsville, TN",2.7
"Smith County, TN",Chewy,Fulfillment Specialist,"Mount Juliet, TN",2.7
"Smith County, TN",Chewy,Fulfillment Specialist - Part-Time,"Laguardo, TN",2.7
"Smith County, TN",Chewy,Fulfillment Specialist - Nights,"Alexandria, TN",2.7
"Smith County, TN",Chewy,Fulfillment Specialist,"Watertown, TN",2.7
"Smith County, TN",Chewy,Fulfillment Specialist - Part-Time,"Gordonsville, TN",2.7
"Smith County, TN",Chewy,Fulfillment Specialist,"Watertown, TN",2.7
"Smith County, TN",Chewy,Forklift Operator,"Mount Juliet, TN",2.7
"Smith County, TN",Chewy,Fulfillment Specialist - Nights,"Carthage, TN",2.7
"Smith County, TN",Chewy,Fulfillment Specialist,"Gordonsville, TN",2.7
"Smith County, TN",Chewy,Fulfillment Specialist,"Laguardo, TN",2.7
"Smith County, TN",Chewy,Fulfillment Specialist,"Laguardo, TN",2.7
"Smith County, TN",Chewy,Fulfillment Specialist,"Carthage, TN",2.7
"Smith County, TN",Chewy,Fulfillment Specialist - Part-Time,"Carthage, TN",2.7
"Smith County, TN",Chewy,Fulfillment Specialist,"Alexandria, TN",2.7
"Smith County, TN",Chewy,Fulfillment Specialist,"Carthage, TN",2.7
"Smith County, TN",Chewy,Fulfillment Specialist,"Gordonsville, TN",2.7
"Smith County, TN",Southeastern Roofing,Entry Level Consultant,"Lebanon, TN",2.6
"Van Buren County, TN",White County Schools,Substitute Teacher,"Sparta, TN 38583",4.5
"Van Buren County, TN",White County Schools,Educational Assistant,"Sparta, TN 38583",4.5
"Van Buren County, TN",Gro HR Consulting,First Impressions - Front Desk,"Crossville, TN 38571",4.2
"Van Buren County, TN",University of Tennessee,Administrative Support Assistant II,"Smithville, TN",4.1
"Van Buren County, TN",Wilson Sporting Goods Co.,Plant Manager,"Sparta, TN 38583",3.9
"Van Buren County, TN",Sourced Craft Cocktails,"Brand Ambassador - Cookeville, TN","Cookeville, TN",3.9
"Van Buren County, TN",TCAT-McMinnville,Coordinator Student/Financial,"McMinnville, TN",3.8
"Van Buren County, TN",Edward Jones,Branch Office Administrator,"McMinnville, TN",3.8
"Van Buren County, TN",Farm Credit Mid-America,Closing Specialist,"McMinnville, TN 37110",3.7
"Van Buren County, TN",State of TN,PARK RANGER 3 - 03302023-44698,"Tracy City, TN 37387",3.6
"Van Buren County, TN",Bridgestone Americas,Industrial Engineering Co-op,"Morrison, TN 37357",3.6
"Van Buren County, TN",Bridgestone Americas,Operating Technician (Production - Warren),"Morrison, TN 37357",3.6
"Van Buren County, TN",State of TN,DCS CASE MANAGER 1* EG - 02162023-43524,"McMinnville, TN 37110",3.6
"Van Buren County, TN",State of TN,DCS CASE MANAGER 2* EG - 02162023-43534,"Spencer, TN 38585",3.6
"Van Buren County, TN",Ascension,Operations Coordinator - Supply Chain Management,"McMinnville, TN 37110",3.6
"Van Buren County, TN",Ascension,Patient Care Technician (PCT) - Emergency Department,"McMinnville, TN 37110",3.6
"Van Buren County, TN",State of TN,GOLF COURSE MANAGER -44397,"Spencer, TN 38585",3.6
"Van Buren County, TN",State of Tennessee,PARK RANGER 3 - 03302023-44698,"Beersheba Springs, TN",3.6
"Van Buren County, TN",State of Tennessee,GOLF COURSE MANAGER -44397,"Spencer, TN",3.6
"Van Buren County, TN",State of Tennessee,CLERK 2 - 03232023-44418,"Pikeville, TN",3.6
"Van Buren County, TN",State of TN,ADMINISTRATIVE ASSISTANT 1 - 03302023-44505,"Crossville, TN 38555",3.6
"Van Buren County, TN",State of Tennessee,ADMINISTRATIVE ASSISTANT 1 - 03302023-44505,"Crossville, TN",3.6
"Van Buren County, TN",State of Tennessee,FACILITIES SUPERVISOR - 03232023-44220,"Beersheba Springs, TN",3.6
"Van Buren County, TN",State of TN,CLERK 2 - 03232023-44418,"Pikeville, TN 37367",3.6
"Van Buren County, TN",Lowe's,Full Time - Receiver/Stocker – Overnight,"Mc Minnville, TN 37110",3.5
"Van Buren County, TN",Applebee's,Server,"Mc Minnville, TN 37110",3.5
"Van Buren County, TN",Dyno Nobel,Blaster Trainee,"Dunlap, TN",3.5
"Van Buren County, TN",Logan's Roadhouse,Server,"Cookeville, TN 38501",3.5
"Van Buren County, TN",Lowe's,Warehouse Part Time Overnight,"Cookeville, TN 38501",3.5
"Van Buren County, TN",Lowe's,Cashier Part Time,"Dayton, TN",3.5
"Van Buren County, TN",Lowe's,Retail Sales – Part Time,"Cookeville, TN 38501",3.5
"Van Buren County, TN",Lowe's,Retail Sales – Part Time,"Dayton, TN",3.5
"Van Buren County, TN",Lowe's,Retail Sales – Part Time,"Crossville, TN 38555",3.5
"Van Buren County, TN",Lowe's,Full Time - Receiver/Stocker – Day,"Crossville, TN 38555",3.5
"Van Buren County, TN",O'Reilly Auto Parts,Parts Delivery,"Mc Minnville, TN 37110",3.4
"Van Buren County, TN",Foundever,Customer Service Insurance Representative,"Sparta, TN",3.4
"Van Buren County, TN","Dialysis Clinic, Inc.",Dialysis Patient Care Technician-PCT,"Dayton, TN 37321",3.4
"Van Buren County, TN",Burger King,Restaurant Team Member,"Dayton, TN 37321",3.4
"Van Buren County, TN",Cooperative Response Center Inc,CUSTOMER SERVICE REPRESENTATIVE 1,"Dunlap, TN 37327",3.4
"Van Buren County, TN",Academy Sports + Outdoors,DC Team Member - Days/Nights/Weekends,"Cookeville, TN 38506",3.4
"Van Buren County, TN",GameStop,Retail Management,"Crossville, TN 38555",3.4
"Van Buren County, TN",O'Reilly Auto Parts,Parts Delivery,"Dunlap, TN",3.4
"Van Buren County, TN",La-Z-Boy,Document Control Technician,"Dayton, TN 37321",3.4
"Van Buren County, TN",Kroger Stores,Overnight Grocery Clerk,"McMinnville, TN",3.3
"Van Buren County, TN","Harbor Freight Tools USA, Inc.",Retail Sales Associate,"Dayton, TN 37321",3.3
"Van Buren County, TN","Harbor Freight Tools USA, Inc.",Retail Sales Associate,"Mc Minnville, TN 37110",3.3
"Van Buren County, TN","Harbor Freight Tools USA, Inc.",Retail Stocking Supervisor,"Dayton, TN 37321",3.3
"Van Buren County, TN",Kroger Stores,Online Grocery Pick-Up Clerk,"McMinnville, TN",3.3
"Van Buren County, TN",ECMD,Distribution Unit Crewmember - ECD Entry Level 1,"Sparta, TN 38583",3.2
"Van Buren County, TN",Books-A-Million,Bookseller,"Cookeville, TN 38501",3.2
"Van Buren County, TN",Books-A-Million,Barista,"Cookeville, TN 38501",3.2
"Van Buren County, TN",CVS Health Retail,Retail Store Associate,"Crossville, TN",3.2
"Van Buren County, TN",Diakon Logistics,Driver - Appliance Delivery,"McMinnville, TN",3.1
"Van Buren County, TN",Chattanooga Goodwill Industries,SALES ASSOCIATE I,"McMinnville, TN 37110",3.1
"Van Buren County, TN",Great Lakes Cheese,2nd Shift Bulk Cheese Handler,"Manchester, TN 37355",3.1
"Van Buren County, TN",Chattanooga Goodwill Industries,SALES ASSOCIATE I,"Dayton, TN 37321",3.1
"Van Buren County, TN",Fast Pace Health,Medical Receptionist,"Dunlap, TN 37327",3.1
"Van Buren County, TN",XPO,Forklift Operator,"Cookeville, TN 38505",3.1
"Van Buren County, TN","Agero, Inc.",Customer Service Representative - Work From Home Tennessee,Tennessee,3.1
"Van Buren County, TN",Dollar General,SALES ASSOCIATE,"Spencer, TN 38585",3.0
"Van Buren County, TN",Aviagen,Office Administrator,"Pikeville, TN 37367",3.0
"Van Buren County, TN",M. Bohlke Veneer Corp.,LOG BUYER / SPECIAL TERRITORY,Tennessee,3.0
"Van Buren County, TN",Cornerstone Building Brands,Machine Operator,"Morrison, TN 37357",3.0
"Van Buren County, TN",Mizkan America Inc,Bottling Line Lead,"Crossville, TN 38555",3.0
"Van Buren County, TN",GardaWorld Security Services U.S.,Armed Account Manager - 95867BR,"McMinnville, TN 37110",3.0
"Van Buren County, TN",TouchPoint,HOUSEKEEPER (PART-TIME),"McMinnville, TN 37110",2.8
"Van Buren County, TN","Buc-ee's, Ltd.",Janitorial/Cleaning & Maintenance Manager,"Crossville, TN 38555",2.7
"Van Buren County, TN","Buc-ee's, Ltd.",Cashier,"Crossville, TN 38555",2.7
"Van Buren County, TN",US Farm Service Agency,Temporary County Program Technician,"Dayton, TN",2.7
"Van Buren County, TN","Buc-ee's, Ltd.",Human Resources Field Representative,"Crossville, TN 38555",2.7
"Van Buren County, TN","Buc-ee's, Ltd.",Deli/Food Service Associate,"Crossville, TN 38555",2.7
"Van Buren County, TN","Buc-ee's, Ltd.",Grocery Stocker,"Crossville, TN 38555",2.7
"Van Buren County, TN",Need It Now Delivers - Automotive,Delivery Driver,"Crossville, TN",2.5
"Van Buren County, TN",Aspen Dental,Patient Services Representative,"Crossville, TN 38555",2.5
"Warren County, TN",US Defense Commissary Agency,Meatcutting Worker,"Arnold AFB, TN",4.2
"Warren County, TN",Warren County Schools,Custodian Dibrell,"McMinnville, TN 37110",4.1
"Warren County, TN",Warren County Schools,Custodian Dibrell Part Time,"McMinnville, TN 37110",4.1
"Warren County, TN",University of Tennessee,Administrative Support Assistant II,"Smithville, TN",4.1
"Warren County, TN",Arbor Day Foundation,TN Tree Fulfillment,"Morrison, TN 37357",3.8
"Warren County, TN",Edward Jones,Branch Office Administrator,"McMinnville, TN",3.8
"Warren County, TN",Hibbett | City Gear,Sales Associate,"Mc Minnville, TN",3.8
"Warren County, TN",Vanderbilt University Medical Center,Central Scheduler,"Tullahoma, TN",3.7
"Warren County, TN",Volt Workforce Solutions,Warehouse Associate,Tennessee,3.7
"Warren County, TN",Vanderbilt University Medical Center,Unit Secretary,"Tullahoma, TN",3.7
"Warren County, TN",Sports Info Solutions,"2023 College Football Scout - Murfreesboro, TN","Murfreesboro, TN 37132",3.7
"Warren County, TN",Farm Credit Mid-America,Closing Specialist,"McMinnville, TN 37110",3.7
"Warren County, TN",Onin,"General Labor in McMinnville, TN $13.50/$28,000 yr","Woodbury, TN",3.7
"Warren County, TN",State of TN,DCS CASE MANAGER 2* EG - 02162023-43534,"McMinnville, TN 37110",3.6
"Warren County, TN",State of Tennessee,PARK RANGER 3 - 03302023-44698,"Beersheba Springs, TN",3.6
"Warren County, TN",State of TN,DCS CASE MANAGER 2* EG - 02162023-43534,"Manchester, TN 37355",3.6
"Warren County, TN",State of TN,DCS CASE MANAGER 1* EG - 02162023-43524,"McMinnville, TN 37110",3.6
"Warren County, TN",State of Tennessee,CLERK 2 - 03232023-44418,"Pikeville, TN",3.6
"Warren County, TN",Ascension,Patient Care Technician (PCT) - Med Surg,"McMinnville, TN 37110",3.6
"Warren County, TN",State of TN,PARK RANGER 3 - 03302023-44698,"Tracy City, TN 37387",3.6
"Warren County, TN",State of Tennessee,FACILITIES SUPERVISOR - 03232023-44220,"Beersheba Springs, TN",3.6
"Warren County, TN",State of Tennessee,GOLF COURSE MANAGER -44397,"Spencer, TN",3.6
"Warren County, TN",Bridgestone Americas,Operating Technician (Production - Warren),"Morrison, TN 37357",3.6
"Warren County, TN",Applebee's,Carside,"Mc Minnville, TN 37110",3.5
"Warren County, TN",Lyft,Drive with Lyft,"Beechgrove, TN 37018",3.5
"Warren County, TN",Applebee's,Dishwasher,"Mc Minnville, TN 37110",3.5
"Warren County, TN",WALGREENS,Pharmacy Technician / Pharm Tech Apprenticeship,"McMinnville, TN 37110",3.5
"Warren County, TN",McDonald’s,Crew Team Member,"McMinnville, TN 37110",3.5
"Warren County, TN",Lowe's,Full Time - Receiver/Stocker – Overnight,"Mc Minnville, TN 37110",3.5
"Warren County, TN",NHC Healthcare McMinnville,Laundry Assistant,"McMinnville, TN 37110",3.5
"Warren County, TN",Batesville,Production Associate,"Manchester, TN",3.5
"Warren County, TN",Hobby Lobby,Retail Co-Manager,"Tullahoma, TN",3.5
"Warren County, TN",Aramark,EVS Specialist Willow Branch Health and Reha,"McMinnville, TN 37110",3.5
"Warren County, TN",GameStop,Retail Staff,"Manchester, TN 37355",3.4
"Warren County, TN",Cooperative Response Center Inc,CUSTOMER SERVICE REPRESENTATIVE 1,"Dunlap, TN 37327",3.4
"Warren County, TN",Big Lots,Retail Store Associates and Stockers,"McMinnville, TN 37110",3.4
"Warren County, TN",O'Reilly Auto Parts,Parts Delivery,"Woodbury, TN",3.4
"Warren County, TN",FirstBank,Teller (Part-Time),"Manchester, TN 37355",3.4
"Warren County, TN",Labcorp,Phlebotomist - River Park Outpatient,"McMinnville, TN 37110",3.4
"Warren County, TN",O'Reilly Auto Parts,Parts Delivery,"Mc Minnville, TN 37110",3.4
"Warren County, TN",Foundever,Customer Service Insurance Representative,"Sparta, TN",3.4
"Warren County, TN",Newell Brands,"Operator, Assembly","McMinnville, TN",3.4
"Warren County, TN",AutoZone,Auto Parts Delivery Driver (Full-Time),"McMinnville, TN 37110",3.4
"Warren County, TN",United States Postal Service,ASSISTANT RURAL CARRIER (ARC),"McMinnville, TN 37110",3.3
"Warren County, TN",Kroger Stores,Cashier,"McMinnville, TN",3.3
"Warren County, TN",MasterStaff Employment Agency,Forklift/Reach Truck Operator - Training Can be Available,"McMinnville, TN",3.3
"Warren County, TN",ALDI,Part-Time Store Associate,"Tullahoma, TN",3.2
"Warren County, TN",National Aerospace Solutions,Administrative Assistant II - 3049 (Project Controls and Finance),"Arnold AFB, TN 37389",3.2
"Warren County, TN",National Aerospace Solutions,Payroll Coordinator - 3023,"Arnold AFB, TN",3.2
"Warren County, TN",ALDI,Part-Time Stocker,"Tullahoma, TN",3.2
"Warren County, TN",Ascend Federal Credit Union,Contact Center Representative (Basic),"Tullahoma, TN 37388",3.2
"Warren County, TN",Chattanooga Goodwill Industries,SALES ASSOCIATE I,"McMinnville, TN 37110",3.1
"Warren County, TN","Agero, Inc.",Customer Service Representative - Work From Home Tennessee,Tennessee,3.1
"Warren County, TN",Diakon Logistics,Driver - Appliance Delivery,"McMinnville, TN",3.1
"Warren County, TN",Chattanooga Goodwill Industries,PROCESSOR I McMinnville,"McMinnville, TN 37110",3.1
"Warren County, TN",Centerstone,Healthier Beginnings Family Assessment Worker,"McMinnville, TN",3.1
"Warren County, TN",Fast Pace Health,Medical Receptionist,"Manchester, TN 37355",3.1
"Warren County, TN",Dollar General,SALES ASSOCIATE,"Smithville, TN 37166",3.0
"Warren County, TN",Dollar General,SALES ASSOCIATE,"McMinnville, TN 37110",3.0
"Warren County, TN",Dollar General,SALES ASSOCIATE,"McMinnville, TN 37110",3.0
"Warren County, TN",Cornerstone Building Brands,Machine Operator,"Morrison, TN 37357",3.0
"Warren County, TN",Dollar General,SALES ASSOCIATE,"Morrison, TN 37357",3.0
"Warren County, TN",Dollar General,SALES ASSOCIATE,"McMinnville, TN 37110",3.0
"Warren County, TN",Dollar General,SALES ASSOCIATE,"McMinnville, TN 37110",3.0
"Warren County, TN",Dollar General,SALES ASSOCIATE,"Morrison, TN 37357",3.0
"Warren County, TN",Dollar General,SALES ASSOCIATE,"McMinnville, TN 37110",3.0
"Warren County, TN",Dollar General,SALES ASSOCIATE,"McMinnville, TN 37110",3.0
"Warren County, TN","R1 RCM, Inc.",Customer Service Representative,"McMinnville, TN",2.8
"Warren County, TN",Granite Telecommunications,Director of Field Operations,"Murfreesboro, TN 37130",2.7
"White County, TN",White County Schools,Substitute Teacher,"Sparta, TN 38583",4.5
"White County, TN",University of Tennessee,Administrative Support Assistant II,"Smithville, TN",4.1
"White County, TN",City of Cookeville,Parks Groundskeeper,"Cookeville, TN 38501",4.0
"White County, TN",Advance Financial,Customer Service Representative,"Sparta, TN 38583",3.9
"White County, TN",Sourced Craft Cocktails,"Brand Ambassador - Cookeville, TN","Cookeville, TN",3.9
"White County, TN",PepsiCo Beverages North America,Merchandiser,"Cookeville, TN 38501",3.8
"White County, TN",City of Sparta,Water Plant Operator,"Sparta, TN 38583",3.8
"White County, TN",City of Sparta,Apprentice Lineman,"Sparta, TN 38583",3.8
"White County, TN",PepsiCo Beverages North America,Warehouse Person (Loader) (Evenings),"Cookeville, TN 38501",3.8
"White County, TN",Best Choice Roofing,Entry Level Storm Damage Inspector,"Cookeville, TN 38501",3.8
"White County, TN",TCAT-McMinnville,Coordinator Student/Financial,"McMinnville, TN",3.8
"White County, TN",Ennis Regional Medical Center,RN OAKPOINT,"Livingston, TN",3.7
"White County, TN",Jared Howard - State Farm Agent,Customer Service Representative - State Farm Agent Team Member,"Sparta, TN 38583",3.7
"White County, TN",Farm Credit Mid-America,Closing Specialist,"McMinnville, TN 37110",3.7
"White County, TN",State of TN,DCS CASE MANAGER 2* EG - 02162023-43534,"Sparta, TN 38583",3.6
"White County, TN",Cookeville Regional Medical Center,NPT Registration Representative,"Cookeville, TN 38501",3.6
"White County, TN",State of Tennessee,CLERK 2 - 03232023-44418,"Pikeville, TN",3.6
"White County, TN",State of TN,CLERK 2 - 03232023-44418,"Pikeville, TN 37367",3.6
"White County, TN",Frenchs Shoes & Boots Llc,Sales Associate-Part Time,"Cookeville, TN 38501",3.6
"White County, TN",Subway,Subway Sandwich Artist®,"Sparta, TN 38583",3.6
"White County, TN",Subway,Subway Sandwich Artist®,"Sparta, TN 38583",3.6
"White County, TN",Tidal Wave Auto Spa,Car Wash Attendant,"Cookeville, TN 38501",3.6
"White County, TN",Bridgestone Americas,Operating Technician (Production - Warren),"Morrison, TN 37357",3.6
"White County, TN",State of Tennessee,GOLF COURSE MANAGER -44397,"Spencer, TN",3.6
"White County, TN",State of TN,ADMINISTRATIVE ASSISTANT 1 - 03302023-44505,"Crossville, TN 38555",3.6
"White County, TN",State of Tennessee,ADMINISTRATIVE ASSISTANT 1 - 03302023-44505,"Crossville, TN",3.6
"White County, TN",WALGREENS,Pharmacy Technician / Pharm Tech Apprenticeship,"Cookeville, TN 38501",3.5
"White County, TN",Logan's Roadhouse,Server,"Cookeville, TN 38501",3.5
"White County, TN",Lowe's,Warehouse Part Time Overnight,"Cookeville, TN 38501",3.5
"White County, TN",Lowe's,Retail Sales – Part Time,"Cookeville, TN 38501",3.5
"White County, TN",AMC Theatres,Manager,"Cookeville, TN 38506",3.5
"White County, TN",Lowe's,Full Time - Receiver/Stocker – Overnight,"Cookeville, TN 38501",3.5
"White County, TN",Lowe's,Full Time - Receiver/Stocker – Day,"Crossville, TN 38555",3.5
"White County, TN",McDonald’s,Crew Team Member,"Sparta, TN 38583",3.5
"White County, TN",AO Smith,Material Handler (1st Shift - $17.78/hr),"Cookeville, TN 38506",3.5
"White County, TN",Tractor Supply,Team Member,"Sparta, TN 38583",3.4
"White County, TN",Sun Tan City,Tanning Consultant PT (0329),"Cookeville, TN 38501",3.4
"White County, TN",INTERSTATE WAREHOUSING,Maintenance Associate - *1st and 3rd Shift Openings*,"McMinnville, TN 37110",3.4
"White County, TN",Chartwells Higher Education,"UNIT MARKETING MANAGER - TENNESSEE TECHNOLOGICAL UNIVERSITY, Cookeville, TN","Cookeville, TN 38505",3.4
"White County, TN",Academy Sports + Outdoors,Store Team Member,"Cookeville, TN",3.4
"White County, TN",Academy Sports + Outdoors,DC Team Member - Days/Nights/Weekends,"Cookeville, TN 38506",3.4
"White County, TN",O'Reilly Auto Parts,Retail Counter Sales,"Sparta, TN",3.4
"White County, TN",Planet Fitness,Service Desk,"Cookeville, TN 38501",3.3
"White County, TN",DoorDash,Delivery Driver - No Experience Needed,"Cookeville, TN 38503",3.3
"White County, TN",Johnstone Supply,Warehouse Shipping/Receiving,"Cookeville, TN 38506",3.3
"White County, TN",Murphy USA,CASHIER,"Sparta, TN 38583",3.3
"White County, TN","Harbor Freight Tools USA, Inc.",Retail Stocking Associate,"Cookeville, TN 38501",3.3
"White County, TN",Books-A-Million,Bookseller,"Cookeville, TN 38501",3.2
"White County, TN",CVS Health Retail,Retail Store Associate,"Crossville, TN",3.2
"White County, TN",Volunteer Behavioral Health Care System,Counselor II/ Intake Specialist,"Cookeville, TN 38506",3.2
"White County, TN",Books-A-Million,Barista,"Cookeville, TN 38501",3.2
"White County, TN",ECMD,Distribution Unit Crewmember - ECD Entry Level 1,"Sparta, TN 38583",3.2
"White County, TN",Volunteer Behavioral Health Care System,Behavioral Health Liaison,"Cookeville, TN 38506",3.2
"White County, TN",Diakon Logistics,Driver - Appliance Delivery,"McMinnville, TN",3.1
"White County, TN",Chattanooga Goodwill Industries,SALES ASSOCIATE I,"McMinnville, TN 37110",3.1
"White County, TN",Mizkan America Inc,Bottling Line Lead,"Crossville, TN 38555",3.0
"White County, TN",Altium Healthcare,Quality Manager,"Sparta, TN 38583",3.0
"White County, TN",Gabes,Backroom Associate,"Cookeville, TN 38501",3.0
"White County, TN",Altium Packaging LP,Material Handler,"Sparta, TN 38583",3.0
"White County, TN",Dollar General,SALES ASSOCIATE,"Sparta, TN 38583",3.0
"White County, TN",IWC Food Service,Warehouse Order Selector/Picker - 2nd Shift,"Cookeville, TN 38506",2.9
"White County, TN","Buc-ee's, Ltd.",Gift/Merchandise Associate,"Crossville, TN 38555",2.7
"White County, TN",Chewy,Fulfillment Specialist,"Gordonsville, TN",2.7
"White County, TN","Buc-ee's, Ltd.",Cashier,"Crossville, TN 38555",2.7
"White County, TN",Chewy,Fulfillment Specialist,"Carthage, TN",2.7
"White County, TN",Buff City Soap,Part Time Soap Makery Consultant / Party Host,"Cookeville, TN 38501",2.7
"White County, TN",Chewy,Fulfillment Specialist - Part-Time,"Gordonsville, TN",2.7
"White County, TN",Chewy,Fulfillment Specialist - Part-Time,"Carthage, TN",2.7
"White County, TN",Chewy,Fulfillment Specialist,"Carthage, TN",2.7
"White County, TN",Need It Now Delivers - Automotive,Delivery Driver,"Crossville, TN",2.5
"White County, TN","Woda Cooper Companies, Inc.",Property Manager for Northside Drive Apartments,"Crossville, TN 38555",2.4
"White County, TN",A & C Business Enterprises,Retail Warehouse Lead,"Cookeville, TN 38501",2.3
